Mutation,$\Delta\Delta$G (kcal/mol),Error (kcal/mol),Complex phase simulation time (ns/replica),Apo phase simulation time (ns/replica)
Y29F,0.97,0.25,50,10
Y29A,2.74,0.31,50,10
W38F,0.47,0.28,50,10
T42A,0.96,0.12,50,10
W44F,0.19,0.33,50,10
E76A,0.97,0.6,50,10
E80A,0.3,0.62,50,10
D35A,1.75,0.48,50,10
D39A,6.58,0.51,50,10
K27A,3.01,0.6,50,10
R59A,3.85,0.7,50,10
R83Q,3.42,0.46,50,10
R87A,6.46,0.58,50,10
H102A,6.84,0.16,50,10
F29Y,-1.17,0.36,50,10
A29Y,-1.29,0.34,50,10
F38W,-0.78,0.28,50,10
A42T,-0.36,0.13,50,10
F44W,-0.17,0.35,50,10
A76E,-1.31,0.72,50,10
A80E,-0.47,0.66,50,10
A35D,-1.78,0.59,50,10
A39D,-6.54,0.58,50,10
A27K,-3.29,0.54,50,10
A59R,-4.28,0.63,50,10
Q83R,-0.6,0.61,50,10
A87R,-6.46,0.51,50,10
A102H,-6.51,0.16,50,10
Q83R,-2.76,0.59,100,10
